{
  "config": "{\"version\":\"5.50\",\"themeCollection\":{\"baseTheme\":{\"name\":\"CY23SU11\",\"version\":\"5.49\",\"type\":2}},\"activeSectionIndex\":1,\"defaultDrillFilterOtherVisuals\":true,\"linguisticSchemaSyncVersion\":2,\"settings\":{\"useNewFilterPaneExperience\":true,\"allowChangeFilterTypes\":true,\"useStylableVisualContainerHeader\":true,\"queryLimitOption\":6,\"useEnhancedTooltips\":true,\"exportDataMode\":1,\"useDefaultAggregateDisplayName\":true},\"objects\":{\"section\":[{\"properties\":{\"verticalAlignment\":{\"expr\":{\"Literal\":{\"Value\":\"'Top'\"}}}}}],\"outspacePane\":[{\"properties\":{\"expanded\":{\"expr\":{\"Literal\":{\"Value\":\"false\"}}}}}]}}",
  "layoutOptimization": 0,
  "resourcePackages": [
    {
      "resourcePackage": {
        "disabled": false,
        "items": [
          {
            "name": "CY23SU11",
            "path": "BaseThemes/CY23SU11.json",
            "type": 202
          }
        ],
        "name": "SharedResources",
        "type": 2
      }
    },
    {
      "resourcePackage": {
        "items": [
          {
            "name": "CustomWeeklyPartitions00962087771606801.png",
            "path": "CustomWeeklyPartitions00962087771606801.png",
            "type": 100
          }
        ],
        "name": "RegisteredResources",
        "type": 1
      }
    }
  ],
  "sections": [
    {
      "config": "{}",
      "displayName": "Key Points",
      "displayOption": 1,
      "filters": "[]",
      "height": 720.00,
      "name": "ReportSection",
      "ordinal": 1,
      "visualContainers": [
        {
          "config": "{\"name\":\"3af00d9c6041eb495837\",\"layouts\":[{\"id\":0,\"position\":{\"x\":0,\"y\":25.970149253731343,\"z\":0,\"width\":1279.7014925373135,\"height\":694.0298507462686,\"tabOrder\":0}}],\"singleVisual\":{\"visualType\":\"textbox\",\"drillFilterOtherVisuals\":true,\"objects\":{\"general\":[{\"properties\":{\"paragraphs\":[{\"textRuns\":[{\"value\":\"Example Applications\",\"textStyle\":{\"fontWeight\":\"bold\",\"fontSize\":\"18pt\",\"color\":\"#12239e\"}}]},{\"textRuns\":[{\"value\":\"•Custom-sized \",\"textStyle\":{\"fontFamily\":\"Arial\",\"fontSize\":\"18pt\"}},{\"value\":\"partitions (e.g., weekly, 10 days)\",\"textStyle\":{\"fontSize\":\"18pt\"}}]},{\"textRuns\":[{\"value\":\"•Alternate \",\"textStyle\":{\"fontFamily\":\"Arial\",\"fontSize\":\"18pt\"}},{\"value\":\"time logic (e.g., half months)\",\"textStyle\":{\"fontSize\":\"18pt\"}}]},{\"textRuns\":[{\"value\":\"•Custom \",\"textStyle\":{\"fontFamily\":\"Arial\",\"fontSize\":\"18pt\"}},{\"value\":\"partition ranges from a provided or generated table (e.g., fiscal month)\",\"textStyle\":{\"fontSize\":\"18pt\"}}]},{\"textRuns\":[{\"value\":\"•(Not shown) Custom partitions (not based on date, but column value text filter) w/o Tabular Editor\",\"textStyle\":{\"fontFamily\":\"Arial\",\"fontSize\":\"24px\"}}]},{\"textRuns\":[{\"value\":\"\"}]},{\"textRuns\":[{\"value\":\"How to do it?\",\"textStyle\":{\"fontWeight\":\"bold\",\"fontSize\":\"18pt\",\"color\":\"#12239e\"}}]},{\"textRuns\":[{\"value\":\"•Some \",\"textStyle\":{\"fontFamily\":\"Arial\",\"fontSize\":\"18pt\"}},{\"value\":\"M trickery\",\"textStyle\":{\"fontSize\":\"18pt\"}}]},{\"textRuns\":[{\"value\":\"•Incremental \",\"textStyle\":{\"fontFamily\":\"Arial\",\"fontSize\":\"18pt\"}},{\"value\":\"refresh with \\\"days\\\" only (days = partitions) for archive and refresh\",\"textStyle\":{\"fontSize\":\"18pt\"}}]},{\"textRuns\":[{\"value\":\"•Enhanced refresh \",\"textStyle\":{\"fontFamily\":\"Arial\",\"fontSize\":\"18pt\"}},{\"value\":\"with the \\\"effective date\\\" parameter and a dynamically calculated value (TMSL, Power Automate custom connector, \",\"textStyle\":{\"fontSize\":\"18pt\"}},{\"value\":\"Fabric notebook with Semantic Link\",\"textStyle\":{\"fontSize\":\"18pt\",\"textDecoration\":\"underline\"}},{\"value\":\")\",\"textStyle\":{\"fontSize\":\"18pt\"}}]},{\"textRuns\":[{\"value\":\"\"}]},{\"textRuns\":[{\"value\":\"How does it work?\",\"textStyle\":{\"fontWeight\":\"bold\",\"fontSize\":\"18pt\",\"color\":\"#12239e\"}}]},{\"textRuns\":[{\"value\":\"•Each “day” partition is the size you define in your M code\",\"textStyle\":{\"fontFamily\":\"Arial\",\"fontSize\":\"18pt\"}}]},{\"textRuns\":[{\"value\":\"•The “effective date” for the refresh is dynamically calculated in the notebook based on which period number\",\"textStyle\":{\"fontFamily\":\"Arial\",\"fontSize\":\"18pt\"}}]},{\"textRuns\":[{\"value\":\"(or partition) today is in\",\"textStyle\":{\"fontFamily\":\"Arial\",\"fontSize\":\"18pt\"}}]},{\"textRuns\":[{\"value\":\"•The RangeStart provided by incremental refresh is used to calculate the desired date range to filter your source\",\"textStyle\":{\"fontFamily\":\"Arial\",\"fontSize\":\"24px\"}}]},{\"textRuns\":[{\"value\":\"•That same “effective date” is used every day for the duration of the partition size/range (only the most recent \\\"day\\\"/partition is refreshed)\",\"textStyle\":{\"fontFamily\":\"Arial\",\"fontSize\":\"18pt\"}}]},{\"textRuns\":[{\"value\":\"\"}]},{\"textRuns\":[{\"value\":\"\"}]}]}}]}}}",
          "filters": "[]",
          "height": 694.03,
          "width": 1279.70,
          "x": 0.00,
          "y": 25.97,
          "z": 0.00
        }
      ],
      "width": 1280.00
    },
    {
      "config": "{}",
      "displayName": "Title",
      "displayOption": 1,
      "filters": "[]",
      "height": 720.00,
      "name": "ReportSection03a50b401c8084ee7b99",
      "visualContainers": [
        {
          "config": "{\"name\":\"c535ff059701ba4ebae8\",\"layouts\":[{\"id\":0,\"position\":{\"x\":9.850746268656716,\"y\":0,\"z\":0,\"width\":1269.8507462686566,\"height\":720,\"tabOrder\":0}}],\"singleVisual\":{\"visualType\":\"image\",\"drillFilterOtherVisuals\":true,\"objects\":{\"general\":[{\"properties\":{\"imageUrl\":{\"expr\":{\"ResourcePackageItem\":{\"PackageName\":\"RegisteredResources\",\"PackageType\":1,\"ItemName\":\"CustomWeeklyPartitions00962087771606801.png\"}}}}}]}},\"howCreated\":\"InsertVisualButton\"}",
          "filters": "[]",
          "height": 720.00,
          "width": 1269.85,
          "x": 9.85,
          "y": 0.00,
          "z": 0.00
        }
      ],
      "width": 1280.00
    },
    {
      "config": "{}",
      "displayName": "PartitionRanges",
      "displayOption": 1,
      "filters": "[]",
      "height": 720.00,
      "name": "ReportSection0dcc3aff760ab5103952",
      "ordinal": 2,
      "visualContainers": [
        {
          "config": "{\"name\":\"ad945c5174c03dcc1ce0\",\"layouts\":[{\"id\":0,\"position\":{\"x\":139.70149253731344,\"y\":152.23880597014926,\"z\":0,\"width\":677.9104477611941,\"height\":354.6268656716418,\"tabOrder\":0}}],\"singleVisual\":{\"visualType\":\"tableEx\",\"projections\":{\"Values\":[{\"queryRef\":\"CustomSizedPartitions.PartitionRangeStart\"},{\"queryRef\":\"CustomSizedPartitions.DateRange\"}]},\"prototypeQuery\":{\"Version\":2,\"From\":[{\"Name\":\"c\",\"Entity\":\"CustomSizedPartitions\",\"Type\":0}],\"Select\":[{\"Column\":{\"Expression\":{\"SourceRef\":{\"Source\":\"c\"}},\"Property\":\"PartitionRangeStart\"},\"Name\":\"CustomSizedPartitions.PartitionRangeStart\",\"NativeReferenceName\":\"PartitionRangeStart\"},{\"Measure\":{\"Expression\":{\"SourceRef\":{\"Source\":\"c\"}},\"Property\":\"DateRange\"},\"Name\":\"CustomSizedPartitions.DateRange\",\"NativeReferenceName\":\"DateRange\"}]},\"drillFilterOtherVisuals\":true,\"objects\":{\"total\":[{\"properties\":{\"totals\":{\"expr\":{\"Literal\":{\"Value\":\"false\"}}}}}]}}}",
          "filters": "[]",
          "height": 354.63,
          "width": 677.91,
          "x": 139.70,
          "y": 152.24,
          "z": 0.00
        }
      ],
      "width": 1280.00
    }
  ]
}